{"playerPosition":{"x":1.9242643117904664,"y":1.7442638874053956,"z":0.0}}